split_point,total_throughput,total_elapsed_time,first_throughput,first_elapsed_time,second_throughput,second_elapsed_time
3,0.009803016952004674,102.00941249984317,0.3587187985222182,2.787698899861425,0.010078439121012963,99.22171359998174
4,0.009605671904878297,104.10515890014358,0.19771503501784649,5.057784300064668,0.010096178763320833,99.04737460007891
